epoch,time,train/box_loss,train/cls_loss,train/dfl_loss,train/angle_loss,metrics/precision(B),metrics/recall(B),metrics/mAP50(B),metrics/mAP50-95(B),val/box_loss,val/cls_loss,val/dfl_loss,val/angle_loss,lr/pg0,lr/pg1,lr/pg2
1,17.2496,2.30533,3.14479,2.22897,0.12289,0.62975,0.5932,0.61009,0.25736,1.88615,2.21014,1.99532,0.08268,0.000657143,0.000657143,0.000657143
2,33.3205,1.74756,1.52092,1.78912,0.08738,0.76723,0.71701,0.76955,0.34944,1.68192,1.22626,1.70697,0.07053,0.0013107,0.0013107,0.0013107
3,49.9477,1.5991,1.27114,1.54788,0.0865,0.77509,0.71429,0.77688,0.37571,1.63638,1.16917,1.57135,0.06446,0.00195106,0.00195106,0.00195106
4,66.66,1.55919,1.16619,1.50611,0.0767,0.83283,0.77823,0.84065,0.37697,1.59584,1.07178,1.48799,0.05748,0.0019406,0.0019406,0.0019406
5,83.8041,1.50535,1.07944,1.41278,0.07811,0.82869,0.79638,0.87435,0.46706,1.53326,0.97847,1.33345,0.05961,0.0019208,0.0019208,0.0019208
6,100.524,1.4578,1.01837,1.31366,0.07423,0.84653,0.80298,0.88304,0.45326,1.48764,0.99882,1.30825,0.05254,0.001901,0.001901,0.001901
7,117.463,1.42765,0.99186,1.29888,0.07244,0.86072,0.81224,0.8954,0.45281,1.48008,0.91987,1.30922,0.04739,0.0018812,0.0018812,0.0018812
8,134.255,1.41978,0.97561,1.28356,0.06791,0.84019,0.83692,0.88808,0.42902,1.48192,0.9346,1.32601,0.04819,0.0018614,0.0018614,0.0018614
9,150.948,1.4188,0.9816,1.28641,0.06893,0.90456,0.85104,0.92924,0.50915,1.39346,0.85609,1.23316,0.04387,0.0018416,0.0018416,0.0018416
10,167.983,1.39505,0.93571,1.24849,0.06524,0.90716,0.84762,0.92915,0.52361,1.36999,0.8505,1.21172,0.04672,0.0018218,0.0018218,0.0018218
11,185.085,1.3539,0.90512,1.21785,0.06051,0.88439,0.84305,0.92435,0.52876,1.36208,0.84273,1.18706,0.04595,0.001802,0.001802,0.001802
12,202.371,1.36866,0.91746,1.19953,0.06656,0.86659,0.84218,0.90351,0.48435,1.38047,0.90859,1.19963,0.04809,0.0017822,0.0017822,0.0017822
13,219.217,1.35686,0.88525,1.17881,0.06669,0.89877,0.83349,0.91468,0.49341,1.36586,0.84967,1.2026,0.04523,0.0017624,0.0017624,0.0017624
14,236.383,1.35846,0.8821,1.1827,0.06639,0.90705,0.88163,0.94385,0.54026,1.33553,0.81694,1.17918,0.04279,0.0017426,0.0017426,0.0017426
15,253.567,1.31852,0.84694,1.17497,0.05767,0.8519,0.89116,0.92442,0.502,1.34779,0.80617,1.1822,0.04044,0.0017228,0.0017228,0.0017228
16,270.087,1.31959,0.84275,1.16041,0.05631,0.91059,0.84528,0.92914,0.52677,1.32398,0.80854,1.17448,0.04087,0.001703,0.001703,0.001703
17,287.545,1.32107,0.8428,1.15932,0.05735,0.87816,0.91156,0.91632,0.51096,1.31846,0.8121,1.16552,0.03907,0.0016832,0.0016832,0.0016832
18,305.137,1.30093,0.82233,1.16426,0.05181,0.85454,0.91565,0.92938,0.51721,1.34639,0.79018,1.18579,0.04013,0.0016634,0.0016634,0.0016634
19,321.888,1.31374,0.81448,1.16825,0.05429,0.87987,0.90683,0.94449,0.54602,1.28484,0.77314,1.15472,0.03694,0.0016436,0.0016436,0.0016436
20,339.64,1.28121,0.80512,1.14489,0.05328,0.91776,0.89578,0.9447,0.51797,1.33843,0.76156,1.18194,0.03998,0.0016238,0.0016238,0.0016238
21,356.592,1.29582,0.80728,1.16729,0.05349,0.91248,0.89364,0.95454,0.56288,1.29688,0.7521,1.16123,0.04036,0.001604,0.001604,0.001604
22,373.994,1.26622,0.79521,1.13802,0.05273,0.92389,0.89183,0.95227,0.53769,1.30119,0.76901,1.15656,0.03915,0.0015842,0.0015842,0.0015842
23,391.308,1.30172,0.80645,1.15886,0.05262,0.8997,0.89796,0.95058,0.53567,1.30357,0.78734,1.15379,0.03915,0.0015644,0.0015644,0.0015644
24,408.442,1.2771,0.8002,1.15993,0.05333,0.8973,0.91837,0.95656,0.52848,1.29611,0.74534,1.14448,0.03745,0.0015446,0.0015446,0.0015446
25,425.563,1.27708,0.79301,1.13836,0.0513,0.9129,0.91429,0.94748,0.52172,1.30412,0.74637,1.14805,0.03626,0.0015248,0.0015248,0.0015248
26,442.656,1.25607,0.7753,1.14661,0.04971,0.89882,0.90647,0.93743,0.51442,1.31278,0.75087,1.15331,0.03652,0.001505,0.001505,0.001505
27,459.752,1.255,0.77649,1.13768,0.04856,0.91611,0.8966,0.95538,0.55405,1.27913,0.72761,1.14673,0.03642,0.0014852,0.0014852,0.0014852
28,476.922,1.26609,0.7693,1.14122,0.05145,0.91449,0.90215,0.94839,0.56204,1.27023,0.73952,1.14831,0.03404,0.0014654,0.0014654,0.0014654
29,494.165,1.26795,0.77145,1.13768,0.04965,0.91367,0.91837,0.95988,0.56094,1.27956,0.72532,1.14432,0.03523,0.0014456,0.0014456,0.0014456
30,511.418,1.25391,0.75674,1.13925,0.04354,0.91485,0.90884,0.94865,0.54432,1.28671,0.73133,1.14623,0.03691,0.0014258,0.0014258,0.0014258
31,528.401,1.24551,0.76259,1.14156,0.04757,0.93068,0.88299,0.9549,0.55567,1.32459,0.74882,1.16312,0.04257,0.001406,0.001406,0.001406
32,545.597,1.23291,0.75928,1.12606,0.05007,0.92946,0.88299,0.9535,0.54059,1.29658,0.73332,1.15416,0.03797,0.0013862,0.0013862,0.0013862
33,563.107,1.25415,0.78185,1.13156,0.04921,0.9128,0.91973,0.95528,0.55514,1.27782,0.73608,1.14715,0.03619,0.0013664,0.0013664,0.0013664
34,580.743,1.2257,0.75764,1.12418,0.04624,0.93338,0.89598,0.95759,0.55638,1.25878,0.73182,1.11882,0.03555,0.0013466,0.0013466,0.0013466
35,598.069,1.23082,0.75863,1.11849,0.04701,0.9266,0.91031,0.95069,0.54182,1.27183,0.71273,1.13048,0.0338,0.0013268,0.0013268,0.0013268
36,615.29,1.22192,0.74065,1.11723,0.04466,0.91588,0.90356,0.9589,0.54757,1.26878,0.70088,1.1338,0.03339,0.001307,0.001307,0.001307
37,632.433,1.21858,0.73699,1.11548,0.04546,0.90213,0.92653,0.96768,0.57861,1.27411,0.6986,1.14697,0.03348,0.0012872,0.0012872,0.0012872
38,649.873,1.22918,0.74398,1.12651,0.04478,0.92824,0.89759,0.96256,0.5636,1.27614,0.70726,1.15068,0.03326,0.0012674,0.0012674,0.0012674
39,667.015,1.23144,0.75425,1.10542,0.04699,0.92601,0.88543,0.95187,0.5449,1.30045,0.73021,1.15341,0.03728,0.0012476,0.0012476,0.0012476
40,684.758,1.21554,0.73704,1.10802,0.04367,0.93131,0.90612,0.96229,0.5682,1.25771,0.70251,1.12882,0.03466,0.0012278,0.0012278,0.0012278
41,702.107,1.2105,0.72287,1.10366,0.0434,0.91344,0.93061,0.96292,0.5689,1.25908,0.69142,1.12684,0.03467,0.001208,0.001208,0.001208
42,719.347,1.20862,0.71957,1.11849,0.042,0.93344,0.89671,0.95585,0.56609,1.24518,0.69954,1.12411,0.03595,0.0011882,0.0011882,0.0011882
43,736.963,1.19169,0.71395,1.10442,0.04448,0.8908,0.93224,0.95858,0.57154,1.25461,0.69562,1.12043,0.03508,0.0011684,0.0011684,0.0011684
44,754.717,1.1969,0.7183,1.10603,0.04436,0.91508,0.91429,0.96405,0.57465,1.26954,0.69278,1.1247,0.03449,0.0011486,0.0011486,0.0011486
45,772.258,1.21352,0.71915,1.11296,0.04201,0.88743,0.94694,0.96596,0.58427,1.23846,0.68797,1.11573,0.03458,0.0011288,0.0011288,0.0011288
46,789.749,1.21523,0.70518,1.10078,0.04129,0.90816,0.91488,0.96398,0.56984,1.26594,0.69957,1.13075,0.03499,0.001109,0.001109,0.001109
47,806.796,1.19872,0.70949,1.09917,0.0417,0.91722,0.91973,0.95959,0.57555,1.25506,0.70334,1.12263,0.03342,0.0010892,0.0010892,0.0010892
48,823.865,1.19778,0.6999,1.10988,0.04054,0.92995,0.90308,0.9561,0.58455,1.23465,0.69944,1.12841,0.03202,0.0010694,0.0010694,0.0010694
49,841.474,1.20556,0.71445,1.09574,0.04279,0.92584,0.91717,0.96194,0.57523,1.25407,0.69864,1.11731,0.03417,0.0010496,0.0010496,0.0010496
50,859.171,1.20943,0.72658,1.10504,0.04487,0.92506,0.92376,0.95923,0.57127,1.24769,0.69447,1.12479,0.03248,0.0010298,0.0010298,0.0010298
51,876.103,1.20539,0.71432,1.10917,0.04189,0.93107,0.90047,0.96044,0.57339,1.24774,0.70012,1.12404,0.03626,0.00101,0.00101,0.00101
52,893.947,1.19624,0.70274,1.09624,0.04013,0.94443,0.90181,0.96716,0.59137,1.24396,0.68788,1.12218,0.03528,0.0009902,0.0009902,0.0009902
53,911.054,1.19128,0.70109,1.09492,0.04148,0.94618,0.91293,0.96607,0.56997,1.25694,0.68709,1.12094,0.03405,0.0009704,0.0009704,0.0009704
54,928.965,1.18812,0.70069,1.08803,0.04118,0.93869,0.91659,0.96984,0.58653,1.24304,0.68202,1.11851,0.03171,0.0009506,0.0009506,0.0009506
55,946.565,1.20176,0.70415,1.08799,0.04189,0.9445,0.90612,0.9654,0.58829,1.23571,0.68756,1.12473,0.03285,0.0009308,0.0009308,0.0009308
56,963.742,1.19096,0.69717,1.08451,0.04248,0.9304,0.92759,0.9652,0.59251,1.23338,0.68602,1.11188,0.03384,0.000911,0.000911,0.000911
57,980.813,1.17508,0.68947,1.09184,0.04016,0.94117,0.92653,0.96803,0.58471,1.25212,0.68738,1.12528,0.03314,0.0008912,0.0008912,0.0008912
58,998.651,1.18817,0.68893,1.08528,0.04219,0.93988,0.92109,0.96425,0.57527,1.25119,0.69094,1.13333,0.03225,0.0008714,0.0008714,0.0008714
59,1015.52,1.18237,0.68424,1.08358,0.04072,0.91406,0.94058,0.96327,0.58239,1.23593,0.6757,1.12278,0.0327,0.0008516,0.0008516,0.0008516
60,1032.82,1.16617,0.68417,1.09014,0.03895,0.94862,0.90426,0.96418,0.59764,1.22772,0.69259,1.11543,0.03192,0.0008318,0.0008318,0.0008318
61,1049.93,1.16878,0.67912,1.09004,0.04033,0.95524,0.91973,0.96704,0.57267,1.25134,0.6751,1.12819,0.03401,0.000812,0.000812,0.000812
62,1067.5,1.18213,0.68255,1.0874,0.04012,0.9402,0.92517,0.97045,0.58181,1.24449,0.67662,1.11216,0.03256,0.0007922,0.0007922,0.0007922
63,1085.89,1.18456,0.68239,1.08213,0.04103,0.93924,0.90442,0.96598,0.57031,1.24441,0.67637,1.12454,0.03137,0.0007724,0.0007724,0.0007724
64,1103.15,1.17446,0.68276,1.08945,0.04075,0.93523,0.92245,0.96777,0.5821,1.24311,0.66849,1.11777,0.03252,0.0007526,0.0007526,0.0007526
65,1120.62,1.14943,0.66285,1.07779,0.03821,0.90601,0.94014,0.96521,0.58178,1.2241,0.67107,1.10572,0.03203,0.0007328,0.0007328,0.0007328
66,1137.86,1.1719,0.67172,1.08666,0.03789,0.92269,0.9256,0.96555,0.58516,1.23643,0.67114,1.12197,0.032,0.000713,0.000713,0.000713
67,1155.3,1.1646,0.66058,1.078,0.03996,0.91985,0.93692,0.96466,0.57665,1.24657,0.67721,1.12545,0.03411,0.0006932,0.0006932,0.0006932
68,1172.81,1.15641,0.67331,1.07029,0.03902,0.92625,0.92925,0.96906,0.57677,1.24614,0.68299,1.11074,0.03268,0.0006734,0.0006734,0.0006734
69,1189.98,1.15821,0.67783,1.067,0.04058,0.9302,0.92469,0.9688,0.59171,1.22697,0.67454,1.11597,0.03041,0.0006536,0.0006536,0.0006536
70,1207.31,1.15823,0.66831,1.07875,0.03732,0.90456,0.94138,0.97093,0.59403,1.22485,0.66406,1.10457,0.0315,0.0006338,0.0006338,0.0006338
71,1224.65,1.16547,0.67119,1.08204,0.03961,0.93748,0.91809,0.96802,0.58595,1.23849,0.67379,1.11642,0.0325,0.000614,0.000614,0.000614
72,1242.12,1.14958,0.66009,1.06274,0.03979,0.93196,0.93185,0.96751,0.59478,1.22813,0.66625,1.10983,0.03087,0.0005942,0.0005942,0.0005942
73,1260.04,1.16302,0.66732,1.07999,0.03907,0.92358,0.93061,0.96626,0.58819,1.22059,0.665,1.11206,0.03073,0.0005744,0.0005744,0.0005744
74,1277.53,1.15724,0.66829,1.06826,0.03849,0.92236,0.9375,0.96587,0.58481,1.22686,0.66143,1.11071,0.03183,0.0005546,0.0005546,0.0005546
75,1295.12,1.16873,0.66719,1.0782,0.03835,0.93561,0.92653,0.96646,0.58261,1.22974,0.65902,1.11439,0.03173,0.0005348,0.0005348,0.0005348
76,1312.55,1.14873,0.64776,1.07438,0.03781,0.94611,0.91293,0.97069,0.58354,1.23591,0.66117,1.11506,0.03182,0.000515,0.000515,0.000515
77,1330.39,1.15024,0.65958,1.07376,0.04036,0.95136,0.90472,0.9699,0.58994,1.22584,0.65936,1.11517,0.0311,0.0004952,0.0004952,0.0004952
78,1348.02,1.14978,0.6438,1.06848,0.03653,0.94858,0.9102,0.97137,0.59003,1.23397,0.65802,1.11469,0.03011,0.0004754,0.0004754,0.0004754
79,1365.9,1.1526,0.6556,1.07254,0.03913,0.93837,0.92245,0.96084,0.56863,1.23806,0.6666,1.11901,0.03079,0.0004556,0.0004556,0.0004556
80,1383.64,1.14753,0.66911,1.06766,0.03909,0.94636,0.91973,0.96811,0.58942,1.22242,0.65371,1.10732,0.03043,0.0004358,0.0004358,0.0004358
81,1400.56,1.13872,0.64888,1.05892,0.03731,0.92793,0.92843,0.96889,0.60353,1.21473,0.65348,1.11172,0.03095,0.000416,0.000416,0.000416
82,1418.18,1.13591,0.64667,1.0666,0.03712,0.9273,0.91977,0.9689,0.59706,1.22092,0.65505,1.10804,0.03038,0.0003962,0.0003962,0.0003962
83,1435.45,1.12815,0.63441,1.07336,0.03788,0.91995,0.93813,0.96956,0.60204,1.21093,0.65814,1.102,0.03116,0.0003764,0.0003764,0.0003764
84,1452.99,1.14492,0.64685,1.06247,0.03826,0.95179,0.91156,0.96995,0.61801,1.20705,0.65159,1.09928,0.03064,0.0003566,0.0003566,0.0003566
85,1470.48,1.13402,0.63683,1.06822,0.03603,0.94618,0.90892,0.96778,0.60547,1.22127,0.65201,1.10846,0.03233,0.0003368,0.0003368,0.0003368
86,1488.38,1.12131,0.633,1.0686,0.03632,0.93319,0.92653,0.96475,0.58912,1.21528,0.65116,1.10312,0.03083,0.000317,0.000317,0.000317
87,1505.52,1.11657,0.62433,1.0596,0.03595,0.93824,0.92789,0.96493,0.58923,1.21777,0.6475,1.10465,0.03141,0.0002972,0.0002972,0.0002972
88,1523.37,1.13405,0.6369,1.06476,0.03485,0.92026,0.94213,0.96723,0.5978,1.21714,0.65063,1.1055,0.03134,0.0002774,0.0002774,0.0002774
89,1540.34,1.12326,0.62905,1.05872,0.03547,0.92665,0.92815,0.96317,0.59137,1.20843,0.64105,1.10653,0.03113,0.0002576,0.0002576,0.0002576
90,1557.99,1.1286,0.62273,1.06499,0.03816,0.92356,0.95238,0.97043,0.60245,1.20417,0.65114,1.10513,0.03069,0.0002378,0.0002378,0.0002378
91,1587.93,1.12219,0.61376,1.08445,0.02837,0.92906,0.93333,0.96553,0.59324,1.22298,0.65651,1.11292,0.03099,0.000218,0.000218,0.000218
92,1605.01,1.11401,0.60418,1.07296,0.02889,0.93514,0.92203,0.96283,0.58208,1.21394,0.6463,1.10702,0.03139,0.0001982,0.0001982,0.0001982
93,1621.96,1.10476,0.59984,1.06686,0.02944,0.92411,0.91973,0.96398,0.59241,1.20494,0.64738,1.10231,0.03017,0.0001784,0.0001784,0.0001784
94,1638.89,1.12111,0.59974,1.07358,0.0295,0.92597,0.91893,0.96449,0.60074,1.20207,0.65289,1.09864,0.02999,0.0001586,0.0001586,0.0001586
95,1656,1.09767,0.59336,1.0559,0.02878,0.94163,0.91701,0.96529,0.60104,1.20353,0.65214,1.10173,0.03043,0.0001388,0.0001388,0.0001388
96,1672.97,1.09977,0.58729,1.06417,0.02906,0.91788,0.94558,0.96599,0.59226,1.2096,0.65304,1.106,0.03089,0.000119,0.000119,0.000119
97,1689.77,1.12194,0.59844,1.06737,0.02906,0.92494,0.93882,0.96522,0.59986,1.20805,0.6509,1.10409,0.0305,9.92e-05,9.92e-05,9.92e-05
98,1706.81,1.10828,0.59646,1.06261,0.02801,0.9311,0.93776,0.96631,0.59632,1.20888,0.64785,1.10562,0.03069,7.94e-05,7.94e-05,7.94e-05
99,1724.15,1.09964,0.58792,1.05859,0.02918,0.93433,0.93878,0.96699,0.59202,1.21139,0.64812,1.10448,0.03074,5.96e-05,5.96e-05,5.96e-05
100,1741.27,1.09612,0.58874,1.05497,0.02954,0.93065,0.93605,0.96529,0.59409,1.20868,0.64861,1.10194,0.03071,3.98e-05,3.98e-05,3.98e-05
